index,rating,text,date,dateDisplay,helpfulCount
0,2,some bugs are showing in the app. in the Bank account every transaction shows double double and also counting the double entry.,2026-04-24T13:06:12,"April 24, 2026",0
1,4,why auto pay is not working,2026-04-24T11:53:30,"April 24, 2026",0
2,1,"Interface is complex and not good. you cannot increase font size. Even if you increase phone font or zoom setting, it will not reflect here. Even after complaining, it is not implemented.",2026-04-24T11:34:20,"April 24, 2026",0
3,1,"Don't invest in US stocks via INDMoney. Very bad customer support. I initiated transaction for 25K, but it never reached by trading account. I am still waiting for it to be credited from more than 3 weeks. Customer support behaves irresponsibly, repeating same line again and again saying we are following up. update: INDMONEY is still a junk app putting customer in loop of various tickets without completing required work, it's been more than a month still no solution.",2026-04-24T09:59:16,"April 24, 2026",5
4,1,"They play a trick, just to make sure that you won't get referral amout they won't allow you to add money to wallet till 24 hours so that, given time for referal amount gets completed. faltu app, do not use",2026-04-24T08:01:03,"April 24, 2026",0
5,2,"customer support is poor; multiple attempts at depositing funds from a funded account, in which the first deposit was successhul remains mysterious and unsolved, customer support is invisible. Any help will be appreciated",2026-04-24T06:32:00,"April 24, 2026",0
6,5,great apps in my digital account 😃,2026-04-23T11:23:41,"April 23, 2026",0
7,3,too many notifications which can't be switched off,2026-04-23T10:30:01,"April 23, 2026",0
8,1,"don't open any account on this app. I opened an account on this app for daily savings, then they introduced min balance charges etc. At first they mentioned it's a zero charge account bla bla bla.",2026-04-23T02:44:54,"April 23, 2026",0
9,2,"I loved the user interface up until today. but for some reason, they changed the background colour of the chart, and moved the overview and other quick categories to a scroll option. and the buy and sell became much smaller and this is annoying during intraday. absolutely horrendous ui decision making",2026-04-23T01:07:13,"April 23, 2026",0
10,1,i cannot delete my ind money demat account.,2026-04-22T23:53:29,"April 22, 2026",0
11,5,"Dear INDmoney, you’ve made instant withdrawal feel like magic! 💸 No waiting, no tension—just one tap and money lands in my bank. Your smooth trading experience + superfast Insta-Withdrawal = pure love. Best decision ever to trade with you. Thank you for treating my money with such speed and care. You’ve earned a lifelong fan!",2026-04-22T23:02:19,"April 22, 2026",0
12,2,Old interface was good. Now with white background for charts and information in multiple tabs is very confusing. Earlier it used to show total quantity (holdings plus positions) at the top on the chart. Now there is no such information.,2026-04-22T22:45:07,"April 22, 2026",0
13,5,Great app but there should be option to customise homepage to see only what is needed,2026-04-22T18:55:05,"April 22, 2026",0
14,2,Some much needed functions are missing 1. Stop Loss and Target sell price can't be placed in one single order. 2. Market Order Depth i.e. top 5 bid-ask quotes function is missing for US stocks. Please add these in the next update,2026-04-22T10:07:52,"April 22, 2026",0
15,1,"with every update the ui glitches are so high, not at all user friendly, there is no intuitive option to revert back. wanted to rate zero star unfortunately it doesn't allow.",2026-04-22T00:13:02,"April 22, 2026",0
16,1,I am unable to add money from my axis bank account I have tried for more than a week and also raised the ticket and it is still not solved,2026-04-21T12:12:31,"April 21, 2026",0
17,5,"I really enjoy using the app, but the UPI payment experience needs refinement. Currently, it feels like an afterthought rather than a core feature. To improve this, I suggest integrating a more seamless interface and adding fingerprint authentication for faster, more secure UPI transactions.",2026-04-21T05:00:52,"April 21, 2026",0
18,5,Best App for trading as well as utility all in one place user interface also very nice easy to use app thx for such a wonderful app i can track all my accounts at one place,2026-04-21T02:33:54,"April 21, 2026",0
19,1,"total waste, it can not even update prices properly. trust me waste app for trading go for kite",2026-04-21T01:11:47,"April 21, 2026",0
20,1,"This was my goto app for investing, but it seems like I'm the only one experiencing a glitch with a simple toggle button. Have been writing so many emails, but I'm constantly met with ""we are checking with our concerned team"". What really ticked me was they lied to me about the toggle button and mentioned it was removed during a recent update. Checked with my friends, and they all continue to have the option. Toggle button missing may seem trivial, but Ind's UI is what attracted me.",2026-04-20T23:48:02,"April 20, 2026",0
21,4,everything is fine but provides an equity curve in the app so that one can track his movement of capital over time during trading or investing,2026-04-20T21:43:50,"April 20, 2026",1
22,1,"First they give you free mtf balance to use for buying shares for Rs.10000 then, they will remove that limit and charge~15% on that balance with no intimation, extremely dissatisfied with their service",2026-04-20T12:12:44,"April 20, 2026",0
23,1,"I am trying to connect with customer care from friday 18 april,2026 from app but there is no option to connect live agent and chat gpt has no option to see any attachment, there is an error show in my us stock portfolio, all stock is in green but PL shows loss -2.82 usd, this is any hidden charge ? please tell me, I want to send screenshot but where ?? I don't know",2026-04-20T05:08:13,"April 20, 2026",0
24,5,good to be a part of this business.,2026-04-20T04:37:53,"April 20, 2026",0
25,1,Not able to withdraw money,2026-04-20T03:05:46,"April 20, 2026",0
26,2,"it was a great app to start, networth includes all kinds of instruments. trading was nice, mtf was good. but suddenly the app started to hang/crash too often. scroll gets stuck. now there seems to be a ui refresh, and the stock doesn't show day high/low, my shares of that stock, and the best part missing is the x-y axis showing max min value. is there a way to bring this back? whats worse the price alerts are not firing up, missed multiple stocks going beyond price I wanted, seriously!!",2026-04-20T02:39:21,"April 20, 2026",0
27,1,this app a fraud app disgusting my money blocked,2026-04-20T00:37:21,"April 20, 2026",0
28,3,"INDmoney offers useful features, but constant UI/UX changes make it frustrating to use. Frequent updates shift menus and navigation, forcing users to relearn the app again and again. Instead of improving usability, many changes create confusion and slow down simple tasks. A finance app should feel stable and predictable. Please focus on consistency and meaningful improvements rather than frequent redesigns.",2026-04-20T00:25:09,"April 20, 2026",0
29,1,"Why you have removed option of foreclosure???Earlier it was available , now this application becomes same as other applications...",2026-04-19T10:57:51,"April 19, 2026",0
30,5,Please Make A Separate Fno Stock Watchlist,2026-04-19T07:59:23,"April 19, 2026",0
31,2,"I thought you would give me cashback like 200 rs for transaction above 1000 rs but you didn't give me any of the rewards, so it is better to uninstall you.",2026-04-18T11:35:48,"April 18, 2026",0
32,3,"The USD conversion via ICICI Bank is misleading. The exchange rate shown in the INDMoney app is not the rate actually applied—there’s a difference of about ₹0.30 per dollar, with the bank charging a higher rate. When I contacted ICICI Bank, they stated that since this is a third-party transaction, they cannot address the discrepancy. On the other hand, INDMoney’s support team was unable to provide a clear explanation for the difference in exchange rates.",2026-04-18T07:20:46,"April 18, 2026",0
33,5,Manoj Kumar app very nice app,2026-04-18T00:43:11,"April 18, 2026",0
34,4,"Excellent functionality and integration. However, the following key functionality is missing in the portfolio section: It does not show YTD gain and CAGR of stocks purchased from other brokers. INDMoney has information about amount and current price from the depository so letting users manually add purchase date and buy price would enable this feature.",2026-04-17T23:29:01,"April 17, 2026",1
35,1,hate this app only give 4 bank (affiliate) to add money.due to this I dealy buying and loos the opportunity to by tesla.,2026-04-17T11:52:16,"April 17, 2026",0
36,1,Why the app is promoting Insta cash who don't want to kindly disable it and hide it you are highlighting it rather than stock broker apps looks like loan platform.,2026-04-17T09:54:32,"April 17, 2026",0
37,1,"Unreasonably high MTF charges compared to competitors. INDmoney charges 0.1% uncapped brokerage on MTF trades. On a ₹7.7L trade, I was charged around ₹775 for a single order. plus 1k of additional charges (approx)Meanwhile, platforms like Zerodha cap brokerage at around ₹20 per order while offering similar or better margin benefits. If any one are planning to use MTF, think twice. This pricing model can quietly eat into your capital. these guys are looting like anything",2026-04-17T02:04:45,"April 17, 2026",0
38,1,netflix is down 9.6% today. your app shows 0.02% up!,2026-04-16T21:16:09,"April 16, 2026",6
39,4,"excellent and great app, very good and easy to learn and use",2026-04-16T06:04:25,"April 16, 2026",0
40,5,"I have sent INDmoney a feature request to improve a certain US stocks UX.. they implemented that in just 1 week! I think I can trust this app. I am a Mobile developer myself, I keep USB debugging ON because I need it for my work, but INDmoney being a payment app doesnt unnecessarily force logout me for disabling USBdebugging, they simply stop me when making UPI payments.. this is such a clever and impressive attention to detail! Seems like this app is built by devs who care about their users UX!",2026-04-16T04:38:19,"April 16, 2026",0
41,5,"hi i am using this app since 2023, every updates are having good features, but when the last updated not good. when I open one stock, full white screen, i shock because it's looking like a toys tool",2026-04-16T04:10:38,"April 16, 2026",0
42,1,I sealed that stock four days ago. That balance hasn't been added to my account yet. My account balance is showing very low. My money has disappeared from Violet.,2026-04-15T11:40:43,"April 15, 2026",1
43,5,opportunity to acquire beyond imagination,2026-04-15T11:40:06,"April 15, 2026",0
44,1,I tried many time to change our phone number but still not done by indimoney.Very unuseful.,2026-04-15T10:16:57,"April 15, 2026",0
45,5,It is user friendly App,2026-04-15T07:45:16,"April 15, 2026",0
46,4,line chart was not good this updated version to compare previous one,2026-04-15T06:57:23,"April 15, 2026",0
47,1,My experience with this app so very bad because not direct call customer care number support ❌ add customer care service earlier as soon as possible 🙏,2026-04-15T06:12:46,"April 15, 2026",0
48,5,recently update added tradingview with Flash mode. now this app is awesome. please add comodity trading with this app..,2026-04-15T05:37:00,"April 15, 2026",1
49,5,very good app for investment,2026-04-15T02:09:10,"April 15, 2026",0
50,1,very bed service in this aap sabka brokerage charges alg alg charge kr rahe hai or tax bhi apne hisab se set kr rahe hai last 2 years se use kr rahi hu not satisfied with service,2026-04-15T01:53:48,"April 15, 2026",0
51,4,All good. New version is showing white background when clicked on purchased stock recently I feel old look and feel is good,2026-04-15T01:42:20,"April 15, 2026",1
52,5,it's a good exercise to improve your knowledge on finance,2026-04-14T20:07:48,"April 14, 2026",0
53,3,"using the app last 6 months , the app performance is overall average, like other normal apps because ind money app looks not really serious for their users 🤬, because the app has no any advanced tool like zerodha and dhan have. app havs totally basic tools like other normal apps , 🙏🙏They should to understand that the main reason why their app will grow, is lesser brokrage for F&O than other platforms 👇👇. as a serious trader they should to add in f&o section ""stocks future & oi buildup""",2026-04-14T17:56:58,"April 14, 2026",2
54,5,globaly very nice app interface is very smooth,2026-04-14T11:43:53,"April 14, 2026",0
55,1,"the referral program is terrible. there was no option to enter the referral code during signup and when I contacted the customer care, they were like ""you are supposed to use the link not code"". what is the purpose of code then?!!!!!",2026-04-14T11:25:29,"April 14, 2026",0
56,4,"overall having good trading experience, app working good, please add commodity options for trading.",2026-04-14T11:24:50,"April 14, 2026",1
57,5,trailing stop loss fashion integration uplabdh ho jaaye to achcha rahega,2026-04-14T10:09:22,"April 14, 2026",0
58,5,very good ui and i love this.,2026-04-14T07:48:05,"April 14, 2026",0
59,2,I want you to add notification categories where I get to decide whether or not I want your ad's when you charge me for services that I use for US based investments,2026-04-14T05:53:47,"April 14, 2026",0
60,1,"worst experience with the app. I have transferred money and my money is on hold for the last 5 days. Mailed relevant documents and got an unprofessional reply stating password is wrong and which is absolutely disheartening with an app who is handling money of people. Further tried to connect to customer care, no option to connect them, only option is that the representative will connect and the waiting time keeps on increasing starting from 5 minutes then 15 minutes. I request to return my money",2026-04-13T22:45:39,"April 13, 2026",2
61,1,paiso ki loot. unnecessary new new bank account kholne lagate hai aur paise koi return nahi full waste 5 se sidha zero dena pad raha hai,2026-04-13T09:02:34,"April 13, 2026",0
62,4,"cutting one star, because not giving option of SWP even fund houses are given, giving suggestion before 1 year, still not applicable, make it quick as soon as possible",2026-04-12T12:56:26,"April 12, 2026",1
63,5,App experience in terms of Ac aggregating is good but few demats linked to nsdk stil face issue in reflecting. All banks if addded will make it better also auto linking insuramce and specially ULIP or Term insurance if added ti Networht with manual liabilities addition optional will make the app more effective. Looking forward to these improvements.,2026-04-11T14:34:23,"April 11, 2026",1
64,1,"worst app, don't take any loan from this app with high interest people going and lock with the help of these kinds of apps. I do not recommend this app for taking loans because these people are not responsible for that. When you have a problem the IND money app will not help you in support but if the Loan provider has any problem the IND helps them to kill us.",2026-04-11T04:42:08,"April 11, 2026",1
65,1,I am not able to pay any payment. Their payment gateway worst,2026-04-11T02:55:49,"April 11, 2026",0
66,3,Please add an option on the trading chart to place trigger order using the plus button from the chart itself,2026-04-10T20:15:12,"April 10, 2026",0
67,5,"I cannot find ETF , NO OPTION FOR ETF PURCHASE",2026-04-10T12:14:50,"April 10, 2026",1
68,1,The app is not functioning as expected. For US stocks even after plaving order and adding otp it says somwthing went wrong even though the transaction went thru. Recently I added $1 stock and it keeps on loading but I got an email order placed. Even after raising concern no action taken. Pathetic,2026-04-10T12:08:01,"April 10, 2026",2
69,2,please add income verification for fno by bank settlement by bank OTP not manually,2026-04-10T09:53:32,"April 10, 2026",0
70,5,"Excellent & Superb,, Very Fast Easy Simple than Others..",2026-04-10T09:19:04,"April 10, 2026",0
71,3,new interference of order is not good please change it is very complex to once order place if I have to cancel we have to in another tab of orders it is easy to do while trading 🫡🤮,2026-04-10T04:28:18,"April 10, 2026",1
72,5,very fast and very helpful!,2026-04-09T13:43:55,"April 09, 2026",0
73,1,"when i am clicking on the activate us account, it is not progressing further.",2026-04-09T12:26:25,"April 09, 2026",0
74,2,"the Nominee Center is a mess! please use full names (instead of first name and last name) for nominees as most government IDs use full names. INDpay UPI ID exposes our phone numbers, and there is no option to change it!",2026-04-09T09:18:46,"April 09, 2026",10
75,5,o*ha mass da without even trying it,2026-04-09T09:03:39,"April 09, 2026",0
76,5,little bit of delay to process,2026-04-09T09:00:40,"April 09, 2026",0
77,1,"UI and UX both are so confusing, it's like to much information clustering into single panel, so irritating.",2026-04-09T07:01:09,"April 09, 2026",0
78,1,They fail to track credit card bills. overdue amount notified by bank. no responsibility borne by INDMONEY. These people are there to screw you over. Move to CRED or do it yourself !,2026-04-09T01:23:39,"April 09, 2026",0
79,1,"I had deposited only ₹100 purely to understand the trading charges on your app. As part of this, I purchased 2 shares at ₹40 each and sold them after 2 days at ₹42 each. This was a very small and straightforward transaction intended only for testing purposes. However, I was shocked to see that ₹2 was deducted as INDmoney charges and an additional ₹22.19 was charged under Government Charges and Taxes.This brings the total deduction to ₹24.19 on a transaction of just ₹80,approx 30%, totally unfair",2026-04-09T00:15:26,"April 09, 2026",0
80,5,issue got resolved thank you team ind money. 🙏,2026-04-08T12:38:25,"April 08, 2026",0
81,1,why there are only some bank account to connect?and when we get call for video call kyc they say they have technical issue but on screen it shows good networks.,2026-04-08T10:55:24,"April 08, 2026",0
82,1,The spend analysis option is not available in the latest update. I linked all my bank accounts and credit cards so that i can track my spends easily. Now it is gone,2026-04-08T06:59:10,"April 08, 2026",1
83,5,I am very satisfied with the app but I have one observation - Why is my physical silver investment getting categorised as alternate investment?,2026-04-08T03:46:18,"April 08, 2026",0
84,4,lot of issues in modifying orders.. the app is good but this bugs are taking lots of time.i raise ticket they just close saying cancel and place order again.. After discussion with customer care they have fixed this issue. thanks,2026-04-08T03:43:43,"April 08, 2026",3
85,4,"just a pathetic team of developers, cant resolve the MF portfolio refresh issue and closing the incidents again and again without any resolution. can't expect anything better anyhow",2026-04-08T03:01:11,"April 08, 2026",0
86,4,"liked the app very much, but it would have been better if it had STP option too ?. I had to use another app for it.",2026-04-08T00:27:14,"April 08, 2026",0
87,5,"very good App , charging lowest interest rate on mtf position, and one of least brokerage charges...",2026-04-07T23:58:35,"April 07, 2026",2
88,1,The worst app does unwanted changes in charts in updates. stay away as changing chart layout is the last thing a trades wants in update,2026-04-07T23:31:35,"April 07, 2026",0
89,5,today update happened buying option is not visible,2026-04-07T22:52:58,"April 07, 2026",0
90,1,The old interface is too good for us. The new update interface is very complicated.,2026-04-07T21:17:07,"April 07, 2026",1
91,1,waste dont download this app,2026-04-07T10:55:34,"April 07, 2026",0
92,5,good very nice app. it's very easy to use,2026-04-07T10:27:31,"April 07, 2026",0
93,1,don't use this app After few days this app stop my refer and earn and I lost my friend refer money,2026-04-07T05:23:17,"April 07, 2026",0
94,1,in your terms and conditions you telling that you would share my data with other .it's was feeling me so unsafe to sharing my data with you,2026-04-07T02:20:01,"April 07, 2026",0
95,5,"Superb app, using it since few days and the service is good, didn't face any kind of problems with the deposit or withdrawal. Overall good service.",2026-04-06T13:04:41,"April 06, 2026",0
96,1,"This application engages in misleading practices by transferring investors’ external mutual fund holdings-originally managed through other distributors (Kuvera / Groww) - into its own demat account without obtaining proper consent. Furthermore, it is now refusing to facilitate the transfer of these holdings back to the Kuvera platform SOA mode from its own demat account. Pathetic and non cooperative attitude of the organisation.",2026-04-06T09:19:17,"April 06, 2026",0
97,4,"greatest ,learners can learn and invest customer service is excellent",2026-04-06T09:02:34,"April 06, 2026",0
98,5,"Perfect App. I'm a user, and so far, everything is clean!",2026-04-06T06:35:13,"April 06, 2026",0
99,5,a centralised app for managing your finances,2026-04-06T03:40:38,"April 06, 2026",0
100,5,"Good app overall. Easy to use and helpful for beginners, but sometimes it takes time to process transactions.",2026-04-06T02:21:25,"April 06, 2026",0
101,1,don't ever use this broker for us stocks. they takes 20+ days to deposit your fund and take 30+ to withdrawal of your money. and they reply is generic from all customers support line is there problem going on with broker or going maintainance for 2 weeks wow. 😡😡,2026-04-06T00:33:52,"April 06, 2026",0
102,1,"I applied for a Federal Bank account through INDmoney more than 20 days ago, but the account is still not open. I have completed all the steps, yet there is no update from the team. The customer support is also not providing a clear timeline. Very poor experience so far. Please resolve this as soon as possible! INDmoney app var Federal Bank account open करायला टाकून २० दिवस झाले, पण अजून काहीच प्रोसेस झाली नाहीये. खूप स्लो सर्व्हिस आहे. Customer support कडून पण काही नीट उत्तर मिळत नाहीये.",2026-04-05T13:38:46,"April 05, 2026",2
103,1,app is good but there is some issue which can not be ignored. 1. I added a bank account can not be delete. 2. IND money open a demate account without our permission if you try to invest in mutual fund (we don't need a demate account).,2026-04-05T08:43:36,"April 05, 2026",1
104,5,i will satisfy for this app...,2026-04-05T01:15:10,"April 05, 2026",0
105,3,"too complicated too find anything, interface needs to be simplified like groww",2026-04-05T00:04:26,"April 05, 2026",0
106,5,The app is really good and very easy to use I am 18 and I recently started doing SIP with my savings so this app has helped me a lot in taking my first steps into investing everything feels simple and beginner friendly which is very important for someone like me who is just starting out I also really like how smooth the interface is and how easily I can understand everything the UPI works perfectly and the cashback feature makes it even better also the wallet system is very convenient and useful,2026-04-04T15:12:16,"April 04, 2026",1
107,5,Excellent App. Easy to Use. Easy to Decide.,2026-04-04T11:21:40,"April 04, 2026",0
108,1,balance showing in wallet but can't withdraw if I contact customer service they say no balance worst I deposited less fund to check but now that to not use for trading r withdraw money use less tension giving app,2026-04-04T04:32:37,"April 04, 2026",2
109,1,Do you have a support mechanism. Same old issue. No support and response on the query raised. Real time issue resolution is a problem at your end.,2026-04-04T03:39:29,"April 04, 2026",6
110,5,Mera Frist time in the traid no experience but dekhte h,2026-04-03T22:34:19,"April 03, 2026",0
111,2,"Nice app overall, but please stop that irritating personal loan pop-up.. I have clicked it a couple of times now by mistake, it is such a stupid dark pattern for cheap marketing... very frustrating 😡",2026-04-03T22:00:32,"April 03, 2026",2
112,3,"In mutual funds step up sip, it should give me option of % increase of sip instead of giving option of increase by a fixed amount only. Also this increase start date should be asked. Currently if I setup a new sip, it would only give option of monthly, quarterly or yearly without asking the first date when I want the increase to happen. I was also unable to find Nippon India Taiwan equity fund in mutual fund list.",2026-04-03T21:16:58,"April 03, 2026",4
113,5,"Decent app ,they build user friendly, best choice for beginners",2026-04-03T10:31:39,"April 03, 2026",0
114,3,"Does the job, but one major concern is NPS is tracked only via gmail which is a pathetic business decision (maybe their intention is to track mails and personal info ;-)) grow up guys have option to track via statement upload or some other means.",2026-04-03T08:39:22,"April 03, 2026",0
115,5,"The customer care services are excellent, and they speak with great courtesy.",2026-04-03T08:19:44,"April 03, 2026",0
116,1,"earlier app was better but in recent updates they have implemented generating QR code for mutual fund tracking, which is totally pathetic, it Generates QR & gives option to copy QR but after copying it doesn't allow to paste anywhere or doesn't allow to SUBMIT, then why does you have provided that option. Once you have copied QR it goes disappear & doesn't allow to download means you have to re initiate request again by doing authentication for tracking mutual funds. It takes too much time.",2026-04-02T23:36:52,"April 02, 2026",1
117,5,very nice app for intetnational stocks.,2026-04-02T10:28:03,"April 02, 2026",1
118,5,everything is okk... but i can't transact through my federal bank account for us stocks... pls fix the issue asap,2026-04-02T10:13:20,"April 02, 2026",0
119,5,use the app and Start by learning it for at least 3-6 months. Don't borrow money for tade and don't use pay later options.,2026-04-02T08:21:43,"April 02, 2026",0
120,4,I just downloaded but that is good like other.,2026-04-02T01:56:53,"April 02, 2026",0
121,1,worst customer service don't go for this app. l didn't receive my sell proceeds to my sb account even after 1 month .Zerodha is very good when it comes to customer service,2026-04-01T20:45:11,"April 01, 2026",0
122,1,"very bad experience, they do not have any customer support at all ! always delay while withdrawal of money",2026-04-01T10:25:10,"April 01, 2026",1
123,1,"I suffered a loss due to their technical error. when i deposited money A fake balance was shown in my account, and based on that I made a transaction. support says it was a technical issue and now you’ve stopped responding. Who will bear this loss? I need a clear answer.",2026-04-01T07:46:47,"April 01, 2026",1
124,1,worst aap ever 10 reminder calls everyday 1 week before due date they want you to pay before due date so they irritate you so much that you pay before.,2026-04-01T06:45:46,"April 01, 2026",1
125,1,From monday in my trading account doest show technical chart..it so bothering me..when i complain to support system they also doesnt rectify the technical issue even m attach the screenshot..so irritating..i cant do trade for that issue,2026-03-31T22:31:51,"March 31, 2026",0
126,1,Im an NRI and I starter investing 6 months ago and now all of a sudden I received notification from the app that some discrepancy has been found on my trade. I asked support agent to know what is the actual cause but they are just saying due to internal due diligence my account has been temporarily blocked. They are not telling what is the actual reason for it and how to resolve it and saying to wait for some time they dont have an update right now. I loved this app and now it screwed me.,2026-03-31T15:34:04,"March 31, 2026",5
127,3,can we trade intraday in us stocks with margin,2026-03-31T15:24:59,"March 31, 2026",0
128,5,waw super app no processing fee only wothin a second loan,2026-03-31T11:03:12,"March 31, 2026",0
129,5,"Excellent app for investment in stock market as well mutual funds. Fast trading experience in option trading, stock trading. Very easy to use, easy to understand, easy to open demat account. kindly provide live payoff and probability of profit in option strategy position.",2026-03-31T02:44:43,"March 31, 2026",2
130,1,Horrible experience with INDmoney US stocks. - ₹8L debited March 26th is stuck with no refund yet. Plus lost opportunity on investments. - Funds that I managed to transfer have been processed only partially. The TAT jumped from March 30th to April 6th. - Misleading notifications claim money will arrive today but the app says otherwise. Unreliable systems with no predictability. Avoid if you value transparency and timely access to your capital.,2026-03-31T00:07:40,"March 31, 2026",2
131,5,seamless & easy to use app,2026-03-30T11:26:33,"March 30, 2026",0
132,1,Unnecessary withdrawal refund date extended day day day,2026-03-30T08:46:51,"March 30, 2026",0
133,1,this app is very bad Our money will be cut like that app not good. very very bad 😔😞😔,2026-03-30T07:20:36,"March 30, 2026",1
134,5,"Always 5 ⭐ ⭐ ⭐ ⭐ ⭐ 📌Fast trading and order execution. 📌Flash scalping feature's User interface is uniquely designed. No other apps provide it. 📌In a single click, I can change any call & put. 📌FnO Brokerage -10₹ per order(but you need to connect with customer support to get this discount. if the offer is available, they will activate it). I have saved more than 2500₹ in March 2026. Other trading apps are charging 20₹ per order which were eating my profits. 📌So, YES to INDMoney.",2026-03-30T06:37:47,"March 30, 2026",4
135,1,worst app couldn't link my bank account Waited a month nothing happened. they'll tell you it will take 3 days but wouldn't happen. They steal data as well pathetic service. i recommend groww instead. switching the app now.,2026-03-30T06:28:30,"March 30, 2026",2
136,5,"App makes balance rightly,measures all corner rightlly,but problems happen when open is not eassy to measure",2026-03-30T01:45:28,"March 30, 2026",1
137,5,"Great experience with . The app is simple, smooth, and very easy to use. It helps in managing investments efficiently, and transactions are quick and reliable. One of the best features is getting cashback on UPI transactions, which adds extra value for daily use. Overall, a very useful and trustworthy app. Highly recommended!",2026-03-29T03:42:20,"March 29, 2026",0
138,4,beautiful app optimisation very good 👍 recommended for serious investers,2026-03-28T12:37:10,"March 28, 2026",0
139,2,Though they have tried but failed in many ways too. Mutual funds holdings portfolio sync is not as per MF central holdings. There is no option to track daily RD and daily gold/silver SIP.,2026-03-28T07:35:45,"March 28, 2026",3
140,5,"""INDmoney is an exceptional all-in-one financial super-app. It simplifies tracking my entire net worth, from Indian stocks and mutual funds to EPF and bank balances, all in one sleek dashboard. The standout feature is the seamless US stock investing, allowing fractional shares with zero brokerage. The interface is intuitive, and the real-time insights into my spending and investment goals are incredibly helpful.",2026-03-28T03:55:53,"March 28, 2026",0
141,1,"Don’t use this application. It’s very poor. in futures and options, nothing is as user-friendly as Zerodha. They have added too many features and now the app doesn’t work properly. It’s very slow and takes a long time to process. In today’s world, who would like something that works like a tortoise?",2026-03-27T22:52:41,"March 27, 2026",2
142,5,"Great App for Overall Tracking. Facing one issue - How to edit the entries in the cash investment section which I have made manually, I want to remove those now. please advise",2026-03-27T17:46:45,"March 27, 2026",1
143,5,good trading app for intra day trading,2026-03-27T17:43:14,"March 27, 2026",1
144,1,"Takes too much time for transaction from bank to account. No quick resolution and very delayed reaponses. Not a reliable partner, have to bear heavy loses.",2026-03-27T09:10:32,"March 27, 2026",2
145,1,"I have used and closed many small loans from instacash, i liked it alot, but suddenly they removed the option to foreclosed the loan at anytime. This is the worst thing introduced lately!",2026-03-26T21:50:42,"March 26, 2026",10
146,5,Amazing app. Tracks my investments and loans perfectly!,2026-03-26T21:47:00,"March 26, 2026",4
147,5,"Been using INDmoney since 2024 and the evolution is wild. As a 23yo CS grad, I really appreciate how much smoother the UI and tracking have gotten lately. One big suggestion for the devs you guys should seriously look into SnapTrade. It’s a solid brokerage integration platform that would take tracking to the next level. I know you already have your own in-house setup for tracking external brokers, but integrating SnapTrade would help way more people sync their portfolios Smooth and glitch-free.",2026-03-26T20:20:54,"March 26, 2026",3
148,2,"the app is good, however m giving 2 star for below 1) you don't have option to download holding statement for MFs and nor backend team can support you on this 2) they don't have feature for daily SIP. while they used to have but now only providing this feature upto 100 rs only what a non sense",2026-03-25T11:08:11,"March 25, 2026",1
149,5,"great app, I used over 3 years, very smooth transaction, good looking display, I am very happy for this app. I Will suggest to company wallet is missing, credit card to Wallet will a good decision for company. I hope so...",2026-03-25T11:08:06,"March 25, 2026",1
150,3,"Dull Experience as compared to groww app I only download this app for Us Stocks, you should improve smoothness and functions of app",2026-03-25T09:12:18,"March 25, 2026",1
151,3,"I am very disappointed with the service of INDmoney. Today my shares were sold without any prior information or notification. I did not receive any message, email, or alert before this transaction happened. As a user, I expect transparency and proper communication regarding my investments. Selling shares without informing the account holder creates confusion and loss of trust. I request the INDmoney team to explain why this happened and make sure such actions are not taken without informing th",2026-03-25T09:02:04,"March 25, 2026",2
152,5,Best trading app for Foreign trading in sit in India and Trade directly Indian currency to convert in dollar currency.,2026-03-25T06:15:11,"March 25, 2026",2
153,4,"Working good till now. Rating changed. Am trying to close the SBM account, they neither respond to email nor getting them over calls is easy. Not sure what prompted you to select such a bank who has got 2.2 rating here and who are totally unreachable. There are so many good banks but you chose to go with them and customers having harassment.",2026-03-25T05:51:14,"March 25, 2026",4
154,2,"I am an elderly person and unable to read the script. Please, make black background to enable me to read the script.",2026-03-25T05:44:14,"March 25, 2026",0
155,1,Worst experience in terms of customer service who are unable to fix any error related to account. Wasted my days when I wanted to invest on desired stocks.,2026-03-25T00:17:35,"March 25, 2026",2
156,5,"I have installed and completed registration. This app is one of the best app for investment. all in one and complete investment options, easy switching from regular fund to direct fund. very good and detailed analysis with charges, gain, extra charges, expense ration comparison. I am very happy to be a part of INDMoney. very nice efforts by Team INDMoney.",2026-03-24T21:45:49,"March 24, 2026",4
157,4,Inside the app the federal bank verification is the worst one.Resolved now,2026-03-24T08:08:01,"March 24, 2026",0
158,5,INDmoney aap 8s tha fast download,2026-03-24T07:45:54,"March 24, 2026",0
159,1,wrost app this app is not refunded my ammount in my bank account,2026-03-24T02:25:26,"March 24, 2026",1
160,5,convenient and easy to track investment opportunities,2026-03-23T23:06:15,"March 23, 2026",0
161,4,"Edit: The team was very responsive in addressing my queries. The app is amazing, works smoothly, integrates every kind of investment asset into one place, and acts as a complete net worth tracker. Would have been better if there was more clarity on when mutual fund NAVs are updated daily and if we had the option to hold funds in SOA format instead of just demat format. Nevertheless, a great platform!",2026-03-23T15:25:03,"March 23, 2026",7
162,5,I like app very much we can invest in us market also,2026-03-23T11:33:03,"March 23, 2026",2
163,1,"I tried to sell a stock to book the profit I had made, but it was not sold. As predicted, the company’s value went down, and now I have a loss of ₹25,000 on it, and it is still not sold.”",2026-03-23T08:20:33,"March 23, 2026",1
164,2,"I trusted this platform, but waiting 4+ months for my money after submitting all documents is unacceptable. Extremely disappointed with the service.”",2026-03-23T07:41:51,"March 23, 2026",2
165,5,"Previously I provided 1 star due to clutter in the UI/UX experience but within a couple of days, I received a call from Mr.Chetan from the design department, and he collected all my feedback and provided assurance that all the changes will be implemented soon. I haven't seen any company that is contacting the customer and really trying to improve their platform. Kudos to Chetan for listening to the customer. and also it's good app to use Ind stocks, US stocks and MF at single unified platform.",2026-03-23T07:39:59,"March 23, 2026",4
166,1,"Worst trading app experience. Frequent crashes caused major losses. On 23-03-2026, I placed an order at ₹66 with stop-loss ₹59, but it failed to trigger. I had to exit manually at ₹49.65. Orders often don’t appear on charts. Highly unreliable—do not use for trading. I also escalate the same to SEBI too",2026-03-23T05:10:39,"March 23, 2026",5
167,3,please add tablet support as well😟,2026-03-23T00:09:43,"March 23, 2026",0
168,5,great application easy to operate and you have all the information related to investment under one roof thankyou ind money,2026-03-22T10:49:54,"March 22, 2026",1
169,5,It provides a lot of data and information to analyse and compare funds than any other investment app.,2026-03-22T01:08:12,"March 22, 2026",0
170,5,great app to learn and grow,2026-03-21T22:44:53,"March 21, 2026",0
171,1,Tablet compatibility worst. kindly update layout for tablet.,2026-03-21T11:45:53,"March 21, 2026",0
172,5,"fast, easy, simple design. using it since years .",2026-03-21T06:13:12,"March 21, 2026",0
173,3,IND money Team can update the portfolio section because it's now complex... My opinion is the percentage of stocks and improved analysis section... please,2026-03-20T19:10:54,"March 20, 2026",0
174,3,Unable to install on Tablet,2026-03-20T07:17:51,"March 20, 2026",0
175,1,worst customer support indmoney has.. pathetic.. I want to close my account they aren't helping.,2026-03-20T07:03:26,"March 20, 2026",0
176,1,"A new ticket (3153991) has been raised regarding my unresolved issue. My previous tickets (3132454 and 3150933) were closed without any resolution. Order ID291192,Amount: ₹50,000 (UTI Retirement Solution Fund )Order Date: 22 Feb2026 Unit Allot Date: 24 Feb Despite the unit allotment being completed, nothing happened. your team asked for 1 more week given that. Now on Monday see you in court.",2026-03-20T01:37:14,"March 20, 2026",2
177,5,fantastic idea of future and option trading,2026-03-20T00:29:43,"March 20, 2026",0
178,5,The examples given and the way explain the details can understand and awsome,2026-03-19T23:53:08,"March 19, 2026",0
179,5,MY life and MY friend,2026-03-19T22:09:32,"March 19, 2026",0
180,1,Worst app. I was install the app before 6 months. Still now i can't add my bank details. They push to open Federal bank account. This app haven't customer care contact numbers. How to reach you with out customer care contact numbers. Very poor app. I recommend all peoples Angel one is best. They having customer care contact numbers. If any problem they will solve within a hour. Indmoney is worst app don't install the app.,2026-03-19T20:29:10,"March 19, 2026",4
181,1,please add other bank account fund future via upi,2026-03-19T20:14:58,"March 19, 2026",0
182,1,it was better when they had zero brokerage for US stocks but now they are charging us 0.50% of the trade value per trade + other charges + 0.38% extra charges if the stock price is below 1$ + gst.,2026-03-19T08:20:35,"March 19, 2026",3
183,5,nice and low charges I love it easy to use,2026-03-19T07:23:40,"March 19, 2026",0
184,3,One of the widely used and very important features of mutual funds purchase as a basket is missing which is available with other brokers. Please bring it at the earliest. Will give 5 stars if made available by next month.,2026-03-19T00:17:56,"March 19, 2026",0
185,5,A very good app for all types of investment and tracking of investment.,2026-03-19T00:13:01,"March 19, 2026",0
186,5,that was an excellent platform for mutual fund and stock markets ☺️,2026-03-18T13:53:18,"March 18, 2026",0
187,1,very bad app data shows are incorrect,2026-03-18T12:05:51,"March 18, 2026",0
188,1,Warning ⚠️ I bought 15 shares ranging from ₹1 to ₹25 and when I sold them they charged DP Charges of ₹14+18% GST on every Share I sold. My wallet balance got in Negative. The problem is that They won't tell you all this before adding funds in your Demat wallet. Everything is hidden beneath FAQ pages if you dig. Invest in Mutual funds to avoid all hidden charges.,2026-03-18T11:32:11,"March 18, 2026",0
189,1,"Worst services from this team. After debiting money from my account, they didn't credit it to the NPS account. Even after 10 days, nothing was done. I suggest that you try focusing on other apps.",2026-03-18T08:25:27,"March 18, 2026",2
190,5,Made my life much simpler,2026-03-17T22:37:18,"March 17, 2026",0
191,1,Bakwas app does not have any option to refer.,2026-03-17T19:48:42,"March 17, 2026",0
192,5,very nice feature and system.. my all time favourite... very good design.. and also investment in usa stock... very good,2026-03-17T14:18:26,"March 17, 2026",0
193,4,It's a good trading platform and we also invest in us market also,2026-03-17T03:35:43,"March 17, 2026",0
194,1,Very disappointed with their KYC process with takes ages to complete! I have deleted account as its KYC process is complex and their rules and regulations are even worse than NRI banks ! Not recommended to install and risks your money.,2026-03-17T02:43:55,"March 17, 2026",0
195,4,"Good & quick platform, easy to access.",2026-03-17T01:52:47,"March 17, 2026",0
196,1,don't install and don't open account hidden charges and brokerage charges,2026-03-16T23:16:24,"March 16, 2026",0
197,4,"""Finally, an app that gives a real, consolidated view of my net worth. The automatic tracking is incredibly efficient"".",2026-03-16T12:24:16,"March 16, 2026",0
198,5,best app for Indian to invest in US stocks. good interface. reliable and trustable and data privacy. Investment made easy.. but Indian stock part need change of interface. and should be easy to use.,2026-03-16T08:59:23,"March 16, 2026",0
199,5,Good service and app very easy to use,2026-03-16T06:32:26,"March 16, 2026",0
200,1,"Himanshu Shinde 16 march 2026, I was having 37k rupee in wallet and i was earning 2k fno profit but due to app issue was unable to book profit i tried multiple time but it was not happened and price goes down also my wallet goes negative 31 lac rupee and trade automatically closed.i have screen shot as well and now team is duducted my 5k rupee and reverted my wallet 33k rupee and saying no issue happen so we cant credit you can shift to another plateform. worst app.",2026-03-16T00:15:51,"March 16, 2026",5
201,1,"service is very bad during really wanted to get help from them, they re money minded, don't use this app.",2026-03-15T21:59:58,"March 15, 2026",0
202,1,"There is no option to create a US account for NRI. Misleading Info in app , how NRI can invest in US stock.",2026-03-15T11:45:31,"March 15, 2026",0
203,2,didn't get money back I even sold them back and some were stopped but cutting my balance and it's going into a negative,2026-03-15T11:01:14,"March 15, 2026",0
204,5,very good upi payment and cash back,2026-03-15T09:03:56,"March 15, 2026",0
205,1,App not optimize for tablets.. Sad to know,2026-03-15T07:48:02,"March 15, 2026",0
206,5,"Resolved the issue for buying of partial shares on time, but I am unsure whether they will allow buying of partial US stocks in future as told by their respective customer support person.",2026-03-15T07:37:36,"March 15, 2026",0
207,4,"i was using indmoney app for all my UPI payments until now. but, now none of the apps (network carrier app, food delivery apps, e-commerce apps) are detecting indmoney in ""pay by UPI option"". this is frustrating me. expecting quick amendments.",2026-03-15T02:38:59,"March 15, 2026",0
208,4,sab achcha hai customer help nahin Hai Mobile number customer care,2026-03-14T19:15:00,"March 14, 2026",0
209,4,public wants that some multibagger stock recommended by indmoney,2026-03-14T04:14:14,"March 14, 2026",0
210,5,charge is higher than zerodha baki sb tk h,2026-03-14T01:03:22,"March 14, 2026",0
211,5,"Loved it, very good app they're provided next level features.",2026-03-13T14:31:38,"March 13, 2026",0
212,1,I am not able to access external mutual fund data. I have followed the scan‑code steps more than 10 times. It always results in an error. I am getting frustrated due to this issue. Kindly resolve it at the earliest.,2026-03-13T12:47:28,"March 13, 2026",5
213,5,my sip deducted two times this month and no response from complaint,2026-03-13T12:41:30,"March 13, 2026",0
214,1,Instead of resolving my issue. Your team is trying to prove i am wrong. I decide to go for insurance cancellation,2026-03-13T01:13:32,"March 13, 2026",0
215,4,"Useful app, but I find the lack of an option to pay bills with a debit card .I think that's a big drawback.",2026-03-12T21:18:50,"March 12, 2026",0
216,4,Best app if you want to diversify globally especially US Stocks. INDstocks and tracking finance features are also good.,2026-03-12T16:34:03,"March 12, 2026",0
217,1,"The app does not allow you to modify an order. When you click on talk to agent, no one calls you back. Lost a lot of money because of app glitch.",2026-03-12T12:20:37,"March 12, 2026",2
218,5,treding chart very good and brokerage charge minimum balance,2026-03-12T09:34:26,"March 12, 2026",0
219,5,gives a very good experience and easy to track external funds,2026-03-11T22:14:33,"March 11, 2026",0
220,1,Very Bad Castomar Support not helping customer service😭,2026-03-11T03:38:07,"March 11, 2026",0
221,4,very good App for training,2026-03-11T02:19:17,"March 11, 2026",0
222,1,"7.5 percent is charges for MTF in advertisement but 15 percent charges getting deducted. Unable to contact the customer care number. Indian stocks department, to get resolution for my issue",2026-03-11T00:30:49,"March 11, 2026",0
223,5,"This app is really nice and beautiful, its clean UI is easy to understand even for beginners 😅😊",2026-03-10T23:35:37,"March 10, 2026",0
224,4,best app for all type of investment,2026-03-10T22:26:00,"March 10, 2026",0
225,1,"Money Trapping App, Do not Make international Investments",2026-03-10T18:18:42,"March 10, 2026",0
226,5,Thank you for bing a part of indmoney I need to guide me for every stap of my investment.,2026-03-10T13:08:10,"March 10, 2026",0
227,1,most frustrating experience taking 6 days to deposit money from bank account after debit . this kind of bad services getting from this app,2026-03-10T11:55:55,"March 10, 2026",0
228,5,really giving rating from my heart cause give very good cashback S,2026-03-10T11:05:40,"March 10, 2026",0
229,1,"New update dated 5th march is terrible, line patterns are not accurately showing in graph. So many useless changes done which is irritating towards the easiness of trading!",2026-03-10T08:46:48,"March 10, 2026",2
230,1,the refresh option of external portfolio has become absurd. earlier it was just an OTP and it automatically refreshed. now some QR code is generated and it has to be uploaded in the call function please revert back to the previous option,2026-03-10T07:08:58,"March 10, 2026",5
231,1,"just go with grow or anything else , i bought something and it got rejected but there is not any feature that tells me that where my money is gone , what i bought and at which step it got stuck.",2026-03-10T01:34:56,"March 10, 2026",0
232,1,"too many updates, can't use the old version have to update everytime",2026-03-10T00:20:16,"March 10, 2026",0
233,2,not option to download holdings report for mutual funds,2026-03-09T22:55:16,"March 09, 2026",3
234,4,"Indmoney team very active,after raising concern regarding LAMF they assure to weived off 1 year of amc charges that was not mentioned in indmoney site",2026-03-09T13:58:43,"March 09, 2026",4
235,5,"very clean and faster,Smoothly Experience.",2026-03-09T13:08:42,"March 09, 2026",0
236,1,"we didn't recommend to use this Application for trading in us market because they didn't provide any other option to add money his have a limited option 1. ICICI HDFC, AND FEDERAL BANK THEY not have UPI and any other bank like SBI , BOB , PNB, Etc",2026-03-09T12:10:31,"March 09, 2026",3
237,3,"it always want to fetch gmail as your email address, though i have other email as my primary email, this is a flaw , also securities are not easily searchable charts are outdated..",2026-03-08T21:59:40,"March 08, 2026",5
238,3,the month and week indicators are not working.,2026-03-08T18:42:56,"March 08, 2026",1
239,5,"In First Attempt, I Get 'Diamond Badge', It's Give Me More Confident.",2026-03-08T11:14:58,"March 08, 2026",0
240,5,very smooth app its very easy to use,2026-03-08T06:07:41,"March 08, 2026",0
241,5,"I love the app. The app is so much faster🔥 download. Thank you so much to everyone. This is syncing happens pretty much every time you open the app, start, stop, or edit an entry, so it was a real pain. But now download faster and more stable. Not to mention being unable to use the app when it's syncing because its literally stop responding until it's done. You'd stop an entry and it'd be several seconds before it'd actually stop and those extra seconds are added too the entry.",2026-03-07T10:31:14,"March 07, 2026",11
242,1,most buggy app in existence of internet. I am unable to any investments. it just show please update your kyc and when I click the button it show it's successful but issue persist.,2026-03-07T09:52:03,"March 07, 2026",1
243,5,this is very good aap for us stock 🎊🥳☺️,2026-03-06T23:26:21,"March 06, 2026",0
244,5,Excellent.Quick action with full information of LTCG & STCG.,2026-03-06T22:12:35,"March 06, 2026",0
245,4,now days broker charges are high for each stocks when we are buying..,2026-03-06T17:18:22,"March 06, 2026",0
246,2,not sure why it's not compatible with tablet I have app on mobile but want to use it in table as well,2026-03-06T06:28:59,"March 06, 2026",0
247,1,very bad app for invest 😡😠,2026-03-06T04:52:09,"March 06, 2026",1
248,1,have better options than this.,2026-03-06T04:29:05,"March 06, 2026",0
249,5,better experience and world best trading platform,2026-03-06T02:40:24,"March 06, 2026",0
250,1,"You can't invest in stocks if you don't have their partnered bank accounts like ... HDFC, and ICC ... you can't pay with SBI or any bank account which max indians have",2026-03-06T02:01:41,"March 06, 2026",0
251,5,this platform is very easy to use and charges reasonable and the world best trading platform thanks,2026-03-06T01:34:56,"March 06, 2026",0
252,1,"Dedicated SIP tab at the top of the app. Under My US stock -> Details , Another SIP option Under My US stock -> Transactions -> A small SIP tab Under Order tab -> There is one more SIP tab. I dont know which one is exact SIP i can pause / modify the amount. Which one is right transactions details. Its 'SIP' every nook and corner of the app . Looking for modifying the SIP amount for last 30 minutes. Why cant keep things simpler.",2026-03-05T11:28:06,"March 05, 2026",4
253,4,"App is fine but external portfolios are not getting refreshed and it's asking to update the app, even when the app is updated.",2026-03-05T06:10:42,"March 05, 2026",0
254,5,DAY 1 - 05/03/2025 Starting my career as a investor. Today i started my first intraday trade and earn profit of 12.08 rupees. with 200 rupees in wallet. i believe its a good start. we will find out how it ends.,2026-03-05T04:40:37,"March 05, 2026",0
255,4,"Overall good service as a broker for us stocks just missing basic analytical features to view fundamentals, charts and balance sheets. currently using trading view for charts and Yahoo finance for fundamentals/news updates.",2026-03-05T04:40:16,"March 05, 2026",2
256,1,"customer service is getting worst day by day. no responses on whatsapp, when you call the toll-free it just says everyone is busy call back later",2026-03-05T04:04:04,"March 05, 2026",1
257,3,very poor for chart reading,2026-03-04T23:59:53,"March 04, 2026",0
258,5,its a good app and so nice for trade,2026-03-04T22:41:28,"March 04, 2026",0
259,5,"I love the app.! The app is so much faster download. But now download faster and more stable. Thank you so much to everyone algorithms. You’d stop an entry and it’d be several seconds before it’d actually stop and those extra seconds are added to the entry. Not to mention being unable to use the app when it’s syncing because it literally stops responding until it’s done.! This syncing happens pretty much every time you open the app, start, stop, or edit an entry so it was a real pain to use.",2026-03-04T22:41:01,"March 04, 2026",12
260,5,"This is the best app for traders and investors for the long term because in this app brokerage charges are so negligible. This is the most underrated app you can trust this review because I have downloaded many brokerage apps like groww , zerodha , angel one but I found this app as a super easy, minimal brokerage charge . And the main part is that it will form automatic charts like it will say a bullish flag is formed, bearish is formed. So i liked this app really so much",2026-03-04T22:33:17,"March 04, 2026",0
261,2,need to include average NAV in the mutual funds. no charts available displaying the amount invested and current NAV please include in the next update.,2026-03-04T21:20:07,"March 04, 2026",0
262,1,No SIP Details Found in Individual Mutual Fund Order Section. Earlier There was a Dedicated section of SIP. It Should be Back. App Downgraded itself in Terms of Features.,2026-03-04T21:03:56,"March 04, 2026",1
263,5,"Pretty great app for investments in US stocks. Simple UI, easy to understand interface and easier deposit process.",2026-03-04T19:54:33,"March 04, 2026",0
264,5,"first learn, after invest, best option INDmoney",2026-03-04T13:40:27,"March 04, 2026",0
265,5,"I love the app. Thank you so much to everyone. The app is soo much faster download. But now download faster and more stable. This syncing happens pretty much every time you open the app, start, stop, or edit an entry, so it used to be a real pain to use. You'd stop an entry and it'd be several seconds before it'd actually stop, and those extra seconds are added to the entry. Not to mention being unable to use the app when it's syncing because it literally stops responding until it's done.",2026-03-04T09:59:07,"March 04, 2026",11
266,1,worst app video call is horrible many times,2026-03-04T00:17:58,"March 04, 2026",0
267,1,not happy with update. UI is Patheticccc,2026-03-04T00:14:12,"March 04, 2026",0
268,1,Don't use this app because It is written daily reward but does not give daily reward,2026-03-03T23:11:09,"March 03, 2026",0
269,5,very good platform for all type of investor,2026-03-03T05:17:52,"March 03, 2026",0
270,5,intraday trading is best in ind money with exposure to us stocks is good feature hope they will survive in this brokerage business worldwide,2026-03-03T05:12:39,"March 03, 2026",0
271,1,remove federal Bank from your app,2026-03-03T04:05:52,"March 03, 2026",0
272,1,I am not completed My kyc. I filled all details correct but always showing incorrect. very bad service. I was trying service centre but no response. how to contact. no number for specific person. very bad 👎,2026-03-03T00:07:26,"March 03, 2026",0
273,5,There is no average NAV in Mutual funds holding shown as in groww app,2026-03-02T22:49:11,"March 02, 2026",0
274,5,good experience last 1 year i using this app and customer service and user interface i feel good experience,2026-03-02T21:24:31,"March 02, 2026",0
275,1,"worsr app. doesn't allow to buy fractional shares at limit order price. when you try to set limit order, it goes directly to number of shares and not the fractional amount of shares for the dollars we have. if we try to set it, it resets everytime. lost money due to multiple transactions on a single stock. and if you wish to buy fractional shares for the dollars you have then you have to buy blindly for the amount it is trading, no option to set limit order. was available before but now removed.",2026-03-02T10:09:56,"March 02, 2026",14
276,1,App doesn't have UPI for adding money. What a surprising feature the India runs on UPI and INDMoney Itself provides UPI but they don't support adding money through UPI.,2026-03-02T09:14:32,"March 02, 2026",0
277,1,"most of time unable to purchase any stocks it keeps says ""something went wrong"" please fix this to retain your customers",2026-03-02T08:34:29,"March 02, 2026",0
278,4,the help me in increasing my mind set to see stock market from national level to global level,2026-03-02T04:55:36,"March 02, 2026",0
279,4,one thing I do not like in the app is that the app doesn't self update the transactions. That one feature would make the app better than what it is now.,2026-03-01T22:06:38,"March 01, 2026",1
280,5,"hasselfree, can be handled by a person having basic understanding. After using the app for a while, I found that some important features are missing e.g SWP, PAUSING/ RESTARTING, STOPPING SIP, REDEMPTION as of now. Hopefully this will be addressed as soon as possible by providing related hasselfree tools in the app. Will consider about my rating after the redressal of my....",2026-03-01T08:01:40,"March 01, 2026",3
281,1,pathetic useless app. keeps updating ui and mess up portfolio tracking.,2026-03-01T07:15:20,"March 01, 2026",0
282,5,"Good overall experience, and strong support team!!",2026-03-01T06:59:05,"March 01, 2026",1
283,1,"Worst app, too many issues, not able to add other broker equity investments. No option to track all banks very very limited list of banks. Too many issues with tracking Mutual fund. Account Aggregator option not working.",2026-03-01T06:28:54,"March 01, 2026",0
284,5,good app to track your entire investments,2026-03-01T01:47:32,"March 01, 2026",0
285,5,good app for financial welth,2026-03-01T01:46:53,"March 01, 2026",0
286,5,upi payment cashback offer not available check now sir please send me the world in the world and the world is not available check now sir please send me the world of documents 📃 please 🙏🙏 please 🙏🥺🥺🥺,2026-02-28T21:31:09,"February 28, 2026",0
287,4,"I frequently use INDmoney for loan repayments, but I am disappointed that it doesn't allow partial or custom amount payments. Currently, the app forces users to pay the full outstanding amount at once. Other payment apps allow us to make smaller advance payments (e.g., paying 200 towards a ₹1000 loan). Adding a flexible payment option where users can enter their own amount would be extremely helpful for managing finances. I hope the INDmoney team implements this feature soon.",2026-02-28T09:59:01,"February 28, 2026",15
288,5,I'm delighted with the experience in the Indmoney app. They provide cashback in each transaction which can be used in recharges. The ui is also good.,2026-02-28T06:19:23,"February 28, 2026",2
289,1,honest review. do not use. you will get 100 of call related to loan. not stay in peace,2026-02-28T02:21:57,"February 28, 2026",3
290,1,Nice App but I can't open new account . this app not work with government bank sbi .,2026-02-27T22:12:55,"February 27, 2026",0
291,5,"this is best finance management app I've ever seen, you can track all your assets, liabilities and goals.",2026-02-27T15:07:10,"February 27, 2026",1
292,5,"I am very grateful to the INDmoney app. I had recently filed a complaint regarding the arrangement of tabs in the app's UI, and I am truly amazed that, on the very next day, my issue was resolved. The team responded immediately, listened to my concerns carefully, and implemented the correction perfectly. Their work is truly exceptional, and the product designers did an amazing job. I must praise the INDmoney team for solving this issue so quickly and professionally.",2026-02-27T09:56:19,"February 27, 2026",12
293,5,last update is a waste old version good to identify...,2026-02-27T08:14:05,"February 27, 2026",0
294,3,I am us stock account not available 😭,2026-02-27T04:24:47,"February 27, 2026",0
295,1,not able to modify pending orders. everytime I have to cancel and place new order to modify pending orders,2026-02-26T23:31:56,"February 26, 2026",0
296,5,"Awesome app, appreciate, keep up the good work",2026-02-26T22:53:45,"February 26, 2026",0
297,1,"Very disappointing experience with the INDmoney app. Automatic trades are being executed without proper clarity or control, which is extremely concerning for any investor. This creates a serious trust issue. Additionally, the support team is not helpful and does not respond professionally. Instead of resolving issues properly, the communication feels dismissive and unhelpful. Overall, this has been one of the worst trading app experiences I’ve had. I would not recommend this application to any",2026-02-26T22:51:14,"February 26, 2026",3
298,5,"One of the best app I have ever used, I recommend my friends also to use.",2026-02-26T20:05:34,"February 26, 2026",0
299,5,"perfect app to track investment and plan goals. Just a recommendation, if possible also add an option to track post office investment.",2026-02-26T12:34:52,"February 26, 2026",0
300,1,I have raised a ticket 2 months back and the ticket is still not resolved . They keep asking me to send screenshots again and again but no solution is found. Ticket ID 2949013.,2026-02-26T09:55:36,"February 26, 2026",4
301,3,"Doesn't /Unable to, track the NPS-2 portfolio, neither thru the email statements from Protean, nor thru the Accounts Agregator System..",2026-02-26T09:17:03,"February 26, 2026",0
302,5,I use this app daily and love it &&,2026-02-26T04:07:31,"February 26, 2026",0
303,5,this aap best investment in us market,2026-02-25T21:40:37,"February 25, 2026",0
304,5,"Best app for investing, easy to understand",2026-02-25T06:50:54,"February 25, 2026",0
305,2,"at the start of the day, the first candle does not get formed as it should instead it will just be almost static. after refreshing multiple times the candle finally forms on my mobile. I have seen this on my friend's phone as well",2026-02-25T05:53:17,"February 25, 2026",1
306,5,"I had given low ratings due to the recent update which wasn't a good experience. The Team reached out to me within hours, gather feedback and other information and assured me that they would be working on it. This is the kind of product that i would love to use. Appreciate it!",2026-02-25T01:38:50,"February 25, 2026",17
307,3,"1st major issue show what will be total profit or loss after taxes and charges in F&O dashboard or any format, it's deceiving to see when we make profit or loss which is shown on the dashboard is much lower in case of profit when we check the drop down where it adds up charges and taxes vice versa for Loss so fix this, it gives wrong assumptions and people may lose their capital. 2nd issue when we open tech charts or any stock or F&O when we are done with it and tap ""x"" it won't close ! fix ASAP",2026-02-25T01:10:38,"February 25, 2026",3
308,4,The app is good but why are you changing the user interface so many times. It causes confusion sometimes. I use zerodha too and they stick to their one user interface that really helps.,2026-02-24T23:06:21,"February 24, 2026",6
309,4,"Hi, is it possible to get more options to invest in other stock markets globally apart from the US & Indian stock market? like for example the stock market in Dubai or their real estate market?",2026-02-24T18:39:55,"February 24, 2026",14
310,2,find my stock very difficult to do letter all small,2026-02-24T10:20:14,"February 24, 2026",0
311,5,"I didn't like the recent update of app interface, previous one was user friendly please try to change it. 🙏🏻🙏🏻",2026-02-24T05:24:29,"February 24, 2026",0
312,3,Here some fixed problems are there if we don't want to start F&O trading but still it provides popup and it blocks my shares data. otherwise in terms of Market and offered data is good.,2026-02-24T05:10:40,"February 24, 2026",1
313,1,"Looks like App doesn't want us to know XIRR of investments. There is no way in the app to see XIRR even though there is ""View XIRR & Analytics"" but clicking on it still shows absolute returns only 🥲",2026-02-24T03:51:17,"February 24, 2026",2
314,1,The account opening process is very easy but if you are going to close the account you will have to send the hardcopies of the documents. very lengthy process.so before using take this also in consideration.,2026-02-24T02:42:42,"February 24, 2026",6
315,1,Checking some insurance options doesn't give you automatic permission to call me all the time. I never agreed to getting calls all the time. Then why the hell am I getting calls from you regarding insurance just because I was looking at it. If I wanted to I would have taken it myself. If I didn't that means I'm not interested in taking. So stop automatically sharing my number and using it to call me.,2026-02-24T02:30:39,"February 24, 2026",6
316,4,update: the team reached back and tried rectifying the issue Your app is very cumbersome for the mutual fund part. when I'm signing up for any SIP. you deduct the amount twice and i didn't even know that,2026-02-24T01:30:42,"February 24, 2026",2
317,5,Very nice app and user friendly. Good information. New interface is not good,2026-02-24T00:17:59,"February 24, 2026",0
318,4,good app for new user,2026-02-23T22:31:16,"February 23, 2026",0
319,1,"the new UI/UX really bad not clear on anything, why are you guys changing it so frequently, did we ask it ?",2026-02-23T21:41:20,"February 23, 2026",0
320,1,for investing in us stocks is too complicated..for Indian stocks there are many options in market than how it makes you different.. couldn't start investing it foreign market,2026-02-23T20:54:01,"February 23, 2026",0
321,1,"I can't redeem money invested via INDmoney, hopeless customer service. pathetic follow up and no solution 😡",2026-02-23T11:01:24,"February 23, 2026",0
322,5,"It is very easy to use and lots of useful features are available. I have used many apps but I love INDMoney because interface is very simple, fast and offers all and unique features.",2026-02-23T08:36:55,"February 23, 2026",4
323,5,Customer support is excellent. Very prompt and useful. User interface is very user friendly. Highly recommend.,2026-02-23T07:18:08,"February 23, 2026",0
324,1,"My sincere suggestion again - referral rewards are still being processed on a manual basis . This simply means that the referee has to write , intimate and submit all details of investment done by his referral. It is tedious , time consuming and not practical . Referee is supposed to track both - the person he is referring to and ur app which is processing rewards manually. other apps credit rewards automatically",2026-02-23T06:08:07,"February 23, 2026",9
325,4,"This app is so impressive! It feels like having a personal chartered accountant for all my financial queries and information. Everything is clear, reliable, and easy to access. I’m truly impressed with how helpful and efficient it is!",2026-02-23T01:30:49,"February 23, 2026",21
326,1,policy is not fair different account differ charges.,2026-02-22T23:32:42,"February 22, 2026",1
327,2,The worst part is the customer support... you can request a call back... but that's only a dream... you never get a call back from IND money...,2026-02-22T22:35:13,"February 22, 2026",1
328,5,Excellent app with superb features,2026-02-22T14:47:01,"February 22, 2026",0
329,5,very good trading app and easy to use 👍 👌 👏,2026-02-22T05:22:29,"February 22, 2026",0
330,5,very good app for real investors who belongs to medel categories. thank you ind mony you considered midel and poor peoples,2026-02-21T06:35:13,"February 21, 2026",0
331,4,"perfact app for only mutual fund,not for trading",2026-02-19T20:22:18,"February 19, 2026",0
332,4,"kindly add a option to track 2 or more RD's, now I can only able to track only 1 RD",2026-02-19T09:46:40,"February 19, 2026",0
333,4,app is excellent. flash mode is awesome. please please introduce crude oil options trading. currently I'm unable to trade crude from INDmoney.,2026-02-19T09:16:43,"February 19, 2026",1
334,5,l love ind money i started in 2024 and have a great experience with them till now,2026-02-18T22:54:57,"February 18, 2026",0
335,1,I don't want your us stock voucher as a cashback. why every time I am getting this?? else I will close this account,2026-02-18T22:08:14,"February 18, 2026",1
336,5,"Best for US investment and Indian Equity Like Mf,Stock, Ipo and lots of more Options, Readymade investment Basket Mutual fund.best Experience.Thank u.",2026-02-18T20:50:52,"February 18, 2026",0
337,5,very good app for all type of money matter and investments,2026-02-18T20:04:48,"February 18, 2026",1
338,5,super very nice platform for INDMONEY😃,2026-02-18T16:47:12,"February 18, 2026",0
339,5,my Heart beat with Indmoney Supportive sincerely,2026-02-18T08:41:27,"February 18, 2026",0
340,3,worst this update because my stocks list interface very worst previous update super I want previous interface with company logo also total portfolio means All broker interface very very worst I don't like it I want previous interface......always old is gold I think this application provide many more time update that is big drawback,2026-02-18T05:44:35,"February 18, 2026",6
341,1,"F & O - They Are Taking Very High Charges, Compared To Other Platforms",2026-02-18T00:19:17,"February 18, 2026",0
342,1,"Where is the trailing stoploss feature for Intraday that the indmoney team stated in ""What's New"" description of App update?? Is the team really aware??",2026-02-17T19:30:01,"February 17, 2026",2
343,1,"Not gonna use it again, it's been 5 days I sent amount to my friend still neither he recieved or neither I got it back, complaint status on the page says resolution in progress, worst app although I am gonna complaint to npci for this",2026-02-17T07:46:27,"February 17, 2026",0
344,5,please give tracking about credit card EMI also,2026-02-17T07:05:19,"February 17, 2026",0
345,1,"I used to prefer INDmoney for its simplicity, but recent updates have made the application extremely difficult to use. What was once a clean interface is now cluttered with half-baked features that make basic navigation a chore.",2026-02-17T06:59:25,"February 17, 2026",3
346,1,f&o Charges different charges 5 ₹/10/₹/20₹to different people. not clear transparency.,2026-02-17T03:51:56,"February 17, 2026",0
347,4,super plan h. this app is so much my dear family.i hole u always happy and live long time,2026-02-16T20:47:14,"February 16, 2026",0
348,5,"really easy and reliable. one improvement to be pointed is that, the app should show a tutorial about the app and its features 😊✌🏻✌🏻✨✨",2026-02-16T20:23:57,"February 16, 2026",0
349,5,"Definitely this app is legit for me whatever others think. Full of features like MTF pay later, Networth tracker, Car or Bike tracker like it's pollution, current value and much more. I am using this app from 2 yrs it had no problem interface is pretty good. Charts are also good but sometimes lag but after update it's resolved overall the app is legitimate for beginners traders.",2026-02-16T11:01:54,"February 16, 2026",19
350,1,"They froze a large sum of my funds from transactions and have been avoiding returning it, sending evasive, poorly written excuses over email. Customer service is terrible, hard to reach by phone, and email responses are slow and drawn out with unnecessary delays. I wouldn’t trust them with my money. Update: Promised my due amount in bank account, instead offering reward points for it.",2026-02-16T06:02:57,"February 16, 2026",17
351,1,"not worth the hype. didn't have even the basic features I was looking for. Searches showed it to be everything and a bag of chips. it is a bag of chips though, with 80% air. no offence to them who have praised it to the high heavens, for me it doesn't have the features I was looking for, and google said it had. Update- Someone from IM actually called. Big ups to them for this. 5 stars to them for calling to understand the reason for user reviews.",2026-02-16T05:46:31,"February 16, 2026",0
352,5,pls give option for stop trading or no more trading like zerodha . Because of over trading we lose our capital so pls give this feature too,2026-02-16T03:59:54,"February 16, 2026",0
353,5,Add more features in fundamental analysis of the stock.,2026-02-16T02:20:13,"February 16, 2026",0
354,2,"“The app has useful financial features, but the overall user interface needs serious improvement. The font size is too large, which makes the screen look cluttered and uncomfortable to view. The layout and overall design feel messy and not well-structured. It would be much better if the developers reduce the font size and redesign the layout to make it clean, simple, and easy to understand at first glance. A more organized and minimal interface would greatly improve the user experience.”",2026-02-16T01:32:28,"February 16, 2026",2
355,3,"SUBJECT: Request to Improve Exit Button Safety and Add Commodity Segment The current one-click exit feature is very sensitive; even while scrolling through positions, an accidental touch can trigger an unintended exit. Introducing an additional confirmation mechanism would significantly improve trading safety. Additionally, the absence of the commodity segment forces users to open another demat account with a different broker. kindly review my request and awaiting your response",2026-02-16T00:22:24,"February 16, 2026",0
356,2,"fraud app don't invest , spend money in save plus but they have not even returning the principal amount proper",2026-02-15T21:28:39,"February 15, 2026",0
357,5,Good one AND very easy to doing business buy and sell.,2026-02-15T20:17:52,"February 15, 2026",0
358,1,I am disappointed with the customer support I am receiving. I am not able to withdraw my funds for more than 2 weeks now.,2026-02-15T12:24:39,"February 15, 2026",1
359,4,App watchlist is not syncing with website watchlist as I have only 4 watchlist in app but in website it is showing 6 watchlist. And try to add some features in watchlist like position changing from 3rd position I want a particular watchlist in 1st position. Developers please fix the issue. And also please give option to cancel or delete a particular SIP if a investor is not interest to invest in that particular stocks or ETFs. As I cannot delete US SIP ETFs.,2026-02-15T10:44:57,"February 15, 2026",15
360,1,"I was the one who requested for dark mode in the app and thanks for fulfilling my request. However, I recently saw that IND Money shares our personal data to third parties.. Plz STOP this else like me many other users will loose trust and will discontinue your platform at earliest. SO STOP IT ASAP!!",2026-02-15T06:28:14,"February 15, 2026",2
361,1,"I cannot add Employee Provident Fund details for those employees whose employer manages the funds by the trust and hence they do not issue a UAN number, there should be an option of manually adding the details",2026-02-15T03:09:54,"February 15, 2026",1
